15x8,turq
15x7,pink
15x6,pink
15x5,pink
16x11,grey
16x10,grey
16x8,turq
16x7,pink
16x6,pink
16x5,pink
17x13,grey
17x12,grey
17x11,turq
17x10,turq
17x9,turq
17x8,turq
17x7,turq
17x6,pink
17x5,pink
17x4,pink
18x14,grey
18x13,turq
18x12,turq
18x11,turq
18x10,turq
18x9,turq
18x8,turq
18x7,turq
18x6,pink
18x5,pink
18x4,pink
18x3,pink
19x16,grey
19x15,grey
19x14,turq
19x13,turq
19x12,turq
19x11,turq
19x10,turq
19x9,turq
19x8,grey
19x7,turq
19x5,pink
19x4,pink
19x3,pink
20x17,turq
20x16,grey
20x15,grey
20x14,grey
20x13,turq
20x12,turq
20x11,turq
20x10,turq
20x9,turq
20x8,turq
20x6,turq
20x5,pink
20x4,pink
20x2,pink
21x18,turq
21x17,turq
21x16,grey
21x15,turq
21x14,grey
21x13,grey
21x12,grey
21x11,grey
21x10,grey
21x9,grey
21x8,turq
21x7,turq
21x6,turq
21x5,pink
21x4,pink
21x3,pink
21x2,pink
22x20,grey
22x19,grey
22x18,turq
22x16,grey
22x15,grey
22x14,grey
22x13,turq
22x12,grey
22x11,grey
22x10,turq
22x9,turq
22x8,grey
22x7,turq
22x6,turq
22x5,pink
22x4,pink
22x3,pink
22x2,pink
23x21,grey
23x20,grey
23x19,turq
23x18,grey
23x17,grey
23x16,grey
23x15,turq
23x13,grey
23x12,grey
23x11,grey
23x10,grey
23x9,turq
23x8,grey
23x7,turq
23x6,turq
23x5,grey
23x4,pink
23x3,pink
23x2,pink
24x21,grey
24x20,grey
24x19,turq
24x18,grey
24x17,grey
24x16,grey
24x15,grey
24x14,grey
24x13,grey
24x12,grey
24x11,grey
24x10,grey
24x9,turq
24x8,grey
24x6,turq
24x5,grey
24x4,pink
24x3,pink
24x2,pink
25x19,turq
25x18,grey
25x17,turq
25x16,grey
25x15,grey
25x14,grey
25x13,grey
25x12,grey
25x11,grey
25x10,grey
25x8,turq
25x7,turq
25x6,turq
25x5,grey
25x4,grey
25x3,pink
25x2,pink
26x16,grey
26x15,grey
26x14,grey
26x13,grey
26x12,grey
26x11,grey
26x10,grey
26x9,turq
26x8,turq
26x7,grey
26x6,turq
26x5,grey
26x4,pink
26x3,pink
26x2,pink
27x14,grey
27x13,grey
27x12,grey
27x11,grey
27x10,turq
27x9,grey
27x8,turq
27x7,turq
27x6,grey
27x5,grey
27x4,pink
27x3,pink
27x2,pink
28x13,grey
28x12,turq
28x11,turq
28x10,turq
28x9,turq
28x8,grey
28x7,grey
28x6,grey
28x5,turq
28x4,pink
28x3,pink
28x2,pink
29x12,turq
29x11,grey
29x10,grey
29x9,grey
29x8,grey
29x7,grey
29x6,turq
29x5,turq
29x4,turq
29x3,turq
29x2,pink
30x12,grey
30x11,grey
30x10,grey
30x9,turq
30x8,turq
30x7,turq
30x6,turq
30x5,turq
30x4,turq
30x3,pink
31x12,turq
31x9,grey
31x8,turq
31x7,turq
31x6,turq
31x5,turq
31x4,turq
31x3,pink
32x9,turq
32x8,turq
32x7,turq
32x6,turq
32x5,turq
32x4,turq
